alpha,beta,N,n,h,c,mean_n,std_n,alpha_hat,beta_hat,u_star,u_star_hat,z,u,optimal_cost,actual_cost,intervals_str
6,2,4,5,0.6666666666666666,20,12.443550732949118,5.159124123553761,6,2.1389844662067965,38.09338185787629,41.27544607794227,0.922906606168298,27.047200355137484,20.0,20.0,19.330937006565275_6.304903371950173_10.358245578413795_10.274100291961883_15.949567415854462_8.592285681332493_5.864235490403243_6.4768026083394625_6.113876575062283
2,4,4,5,0.06666666666666667,30,8.348155299244908,2.4766219835620245,11,0.7347319532996094,9.748365611869845,20.340699601384014,0.47925419493469884,38.17392146482595,1.8950370568637405,1.188881457562796,6.42533611970204_7.267416045547929_12.118881589280708_6.3588402520829925_9.570302489610869_5.0359709096993255_3.8843743315814994_15.608680287882704_13.644895935662426
8,6,3,5,0.6666666666666666,10,48.67880296606436,16.972756266832622,8,5.917862349535022,216.7266490760058,211.5725768592459,1.024360776303201,111.99576186372663,10.0,10.0,20.79192862252269_56.65662483403159_64.46004531340988_45.57514571750569_55.910270342851945_29.519150442449295_28.200781351181213_54.27583007009612
8,6,5,5,0.6666666666666666,20,39.53267076435169,11.340199065855469,12,3.253008520972317,269.48030604077513,195.8295675564685,1.3760961095063902,228.04428167590743,20.0,21.476476079625947,23.400532927359993_39.20904124992205_35.61670856767009_45.768129873016164_53.668941203790155_33.74726707818006_36.752090240456084_41.90647772568133_67.53446248768702_48.103984143902935
4,6,5,5,0.13333333333333333,30,21.104855612966603,10.097073259910214,4,4.830684003986094,77.24899217458156,60.19581313427457,1.2832951023066614,123.20645976272485,6.1276623450857715,8.401419550460037,29.600895845585907_4.3327499423800635_23.085221946438622_28.162792183584017_20.3426181468444_14.411696240616306_22.271158769247876_18.636349594233035_32.58786413017117_35.299391028456455
